CompanyName,Website,scrape_status,md_status,md,html_length,md_length,valid_website,history,status,error,jobs,qualified,best_roles,line,email
Mintlify,http://mintlify.com,Success,Success,"Mintlify \- The modern standard for documentation* [Documentation](/docs)
* [Pricing](/pricing)
* [Blog](/blog)
* [Careers](/careers)
* [Preview](/preview)
* [Demo](/demo)

[Login](/login)[Get Started](/start)![Gradient]()The documentation you want, effortlessly
========================================

Meet the modern standard for public facing documentation. Beautiful out of the box, easy to maintain, and optimized for user engagement.

[Get Started](/start)[Documentation](/docs)GuidesAPI ReferenceSDK DocsChat![Guides]()![Guides]()![API Reference]()![API Reference]()![SDK Docs]()![SDK Docs]()![Chat]()![Chat]()### Powering developer experiences from fast growing startups to enterprises.[See showcases](/customers)

![Anthropic]()![Anthropic]()![Zapier]()![Zapier]()![Pinecone]()![Pinecone]()![Washington Post]()![Washington Post]()![Elevenlabs]()![Elevenlabs]()![Fidelity]()![Fidelity]()![Finch]()![Finch]()![Openphone]()![Openphone]()![Writer]()![Writer]()![Mindsdb]()![Mindsdb]()![Resend]()![Resend]()![Cursor]()![Cursor]()![Freepik]()![Freepik]()![Upstash]()![Upstash]()The modern standardBeautiful documentation that converts users
===========================================

### A platform you can rely on to reach your audience

![Gorgeous]()![Gorgeous]()Gorgeous out of the boxOpinionated when you're lazy, but infinitely flexible when you need it to be

![Developer]()![Developer]()Developer forwardContent is powered by markdown and lives alongside your codebase

![Performance]()![Performance]()Built for performanceMeticulously designed and optimized for a great user experience

![Conversion]()![Conversion]()Conversion as a priorityCrafted for more user engagement and conversions

![Maintained]()![Maintained]()Effortlessly maintainedDesigned to make updating documentation easy

FeaturesDocumentation leveled up
========================

### Built for the modern business to engage users

![Chat]()![Chat]()AI Chat
=======

### GPT\-4 powered chat box for users to get direct answers to their questions

[Get Started](/start)![Chat]()![Chat]()![Editing]()![Editing]()Editing
=======

Editing workflow built into where you work
------------------------------------------

![API Playground]()![API Playground]()API Playground
==============

Interactive experience built around your APIs
---------------------------------------------

![Documentation Analytics]()![Documentation Analytics]()Documentation Analytics
=======================

Understand what users are viewing and where they are converting
---------------------------------------------------------------

![Search]()![Search]()Search
======

Content is indexed on every update for lightning fast full\-text search
-----------------------------------------------------------------------

![Leads Generator]()![Leads Generator]()Leads Generator
===============

Identify sales prospects viewing your documentation
---------------------------------------------------

![Preview Deployments]()![Preview Deployments]()Preview Deployments
===================

Review and share your changes before they go live
-------------------------------------------------

Wall of loveBuilt to impress
================

### Why leading companies build with Mintlify

[![Guillermo Rauch]()Guillermo Rauch
===============

CEO, Vercel
-----------

The @mintlify team absolutely nailed combining docs search and AI Q\&A in a delightful experience.](https://twitter.com/rauchg/status/1716864530775748905)[![Vlad Matsiiako]()Vlad Matsiiako
==============

Co\-founder, Infisical
----------------------

Mintlify is absolutely amazing! Their team has been such a pleasure to work with, and just look at our docs \- they look gorgeous! I definitely think everyone should try Mintlify out!](https://infisical.com/docs)[![Maayan Salom]()Maayan Salom
============

Co\-founder, Elementary
-----------------------

Mintlify is amazing for us! Even as a small team we struggled to keep up with dev and update the docs on changes. Now the docs are managed as code and are part of the dev process and PR. As an open source project \- moving the docs to the repo (with zero effort) also enabled our community to help us maintain and fix problems as contributors. Our devs and our users love it.](https://docs.elementary-data.com)[![Zeno Rocha]()Zeno Rocha
==========

CEO, Resend
-----------

This is a must\-have if you're building any kind of developer tools. We used other options in the past, which feels outdated in terms of look\-n\-feel when compared to Mintlify. The team helped us set up two different websites and even migrated all the content for us. I can't recommend it enough.](https://resend.com/docs)[![Adam Carrigan]()Adam Carrigan
=============

Co\-founder, MindsDB
--------------------

My team loves Mintlify! Great product and a super supportive team.](https://docs.mindsdb.com)[![Ashley Mulligan]()Ashley Mulligan
===============

Head of Product Engineering, Flatfile
-------------------------------------

Mintlify was the only option that checked all the boxes. To get the look, feel, and features we wanted for our documentation, it had to be homegrown or Mintlify.](https://flatfile.com/docs)[![Chun Jiang]()Chun Jiang
==========

CEO, Monterey AI
----------------

Absolutely the best. It is freaking easy to set up, and the team has been great to work with!](https://docs.monterey.ai)[![Charly Poly]()Charly Poly
===========

Developer Marketing, Browserbase
--------------------------------

Why spend a week coding your own documentation (and optimizing it for SEO, design, etc.) while Mintlify brings you the best in class documentation in a few minutes? Worked on documentation for years, in unicorns and open source and I'm sold!](https://docs.browserbase.com)[![Mark Bao]()Mark Bao
========

Co\-founder, Goody
------------------

The way Mintlify's docs were displayed just felt really user\-friendly for us, and more importantly, for our developer customers. I felt like I had finally found a tool that could give us the Stripe\-level documentation we wanted.](https://developer.ongoody.com)Show moreThe documentation you want, available today
===========================================

### Begin your documentation journey

[Get Started](/start)[Contact Sales](/contact-sales)![MindsDB]()![MindsDB]()![Flatfile]()![Flatfile]()![Dynamic]()![Dynamic]()![Whop]()![Whop]()![Mage]()![Mage]()![Plane]()![Plane]()Powered by Mintlify![MindsDB]()MindsDB![Flatfile]()Flatfile![Dynamic]()Dynamic![Whop]()Whop![Mage]()Mage![Plane]()PlaneProduct* [Documentation](/docs)
* [Pricing](/pricing)
* [Preview](/preview)
* [Contact sales](/contact-sales)
Company* [Customers](/customers)
* [Careers](/careers)
* [Blog](/blog)
* [Security](/security/responsible-disclosure)
[All systems normal](https://status.mintlify.com)¬© 2024 Mintlify, Inc.",114033,6819,valid,"[""http://mintlify.com"", ""/careers""]",Job list,,"[""Founding Account Executive"", ""Senior Frontend Engineer"", ""Full Stack Engineer"", ""Senior Full Stack Engineer"", ""Developer Success Engineer"", ""Head of Growth""]",True,"Founding Account Executive,Head of Growth",I saw you're hiring for a founding account executive and a head of growth.,"Hey [firstName],

I saw you're hiring for a founding account executive and a head of growth.. Businesss must be going good!

Given your trajectory, I assume your doing everything to increase conversion. That's also the reason we've built UserGems. You can automatically capture buying signals from your prospect & put your pipeline on auto-pilot.

Let me know if that's of interest.

Best,
[Your Name]"
Edge & Node,http://edgeandnode.com,Success,Success,"Edge \& Node* [Jobs](/jobs/)
* [Blog](/blog/)
* [House of Web3](/thehouseofweb3/)
Building the Decentralized Future
=================================

Edge \& Node is the initial team behind The Graph. We create and support protocols and dapps that empower individuals and move humanity forward.

![]()![]()![]()Recognizing the past
--------------------

Modern society has evolved over the past two hundred years around Industrial Age institutions. Banks, Corporations, Universities, and Governments have been the predominent means of scaling human coordination. Capitalism has created a tremendous amount of wealth around the world but institutions have not been able to keep up with the rate of change brought on by the internet.

![]()Decentralized Systems
---------------------

Protocols are internet native institutions that are open and transparent, and can be used to coordinate large numbers of people. With web3, we can rethink what it means to be an effective individual in the Internet Age. How we spend our time, what we value, the way we distribute resources, the big audacious goals we take on‚Äîit‚Äôs all up for grabs. This is our time to dream big, work hard, and create the future we want to live in.

![]()Our Work

### The Graph

An indexing protocol for organizing blockchain data and making it easily accessible.

What Google does for the web, The Graph does for blockchains. A decentralized network ensures that open data is always available and easy to access. The Graph is used by thousands of protocols and dapps like Uniswap, Synthetix, Aave, Balancer, Zora, Foundation, and more.

[thegraph.com](https://thegraph.com)Our Team
--------

Edge \& Node is a team of creators, builders and visionaries accelerating the future at lightspeed. Together, we turn ambitious ideas into tangible reality, breaking through the internet's perceived limitations to reveal abundant opportunity.

* All (78)
* Business Development (8)
* Design (7)
* Developer Relations (4)
* EA (5)
* Engineering (26)
* Finance (2)
* House of Web3 (4)
* Legal (2)
* Marketing (8)
* Operations (1)
* People (1)
* Product Engineering (8)
* Research and Product (11)
* ![Avatar of Aaron Kelly]()
* ![Avatar of AK]()
* ![Avatar of Alex Pakalniskis]()
* ![Avatar of Alex Young]()
* ![Avatar of Ali Kim]()
* ![Avatar of Andr√°s Sz√ºcs]()
* ![Avatar of Andrew]()
* ![Avatar of Balloon Block]()
* ![Avatar of Balloon Block]()
* ![Avatar of Beno√Æt]()
* ![Avatar of Brandon Graham]()
* ![Avatar of Brandon Kramer]()
* ![Avatar of Brian]()
* ![Avatar of Carl]()
* ![Avatar of Caroline Ferreira]()
* ![Avatar of Chris Whited]()
* ![Avatar of Christina Mills]()
* ![Avatar of Craig]()
* ![Avatar of Crypto Clydesdale]()
* ![Avatar of Daniel]()
* ![Avatar of Data Bucket]()
* ![Avatar of David]()
* ![Avatar of Doug]()
* ![Avatar of Edgar ]()
* ![Avatar of Elizabeth]()
* ![Avatar of Felix von Hanstein]()
* ![Avatar of Filipe]()
* ![Avatar of Florin]()
* ![Avatar of FOMO Flamingo]()
* ![Avatar of Ford]()
* ![Avatar of George Labunsky]()
* ![Avatar of Iain McCown]()
* ![Avatar of Ion Suman]()
* ![Avatar of James]()
* ![Avatar of Jannis]()
* ![Avatar of Jerry Okolo]()
* ![Avatar of Joerg]()
* ![Avatar of Kenny]()
* ![Avatar of Kevin Jones]()
* ![Avatar of Krishnanand V P]()
* ![Avatar of Leo Schwarzstein]()
* ![Avatar of Lisa Visagie]()
* ![Avatar of Marco]()
* ![Avatar of Marcus Rein]()
* ![Avatar of Marian Walter]()
* ![Avatar of Max Tang]()
* ![Avatar of Meme Fly]()
* ![Avatar of Michael Macaulay]()
* ![Avatar of Mickey Negus]()
* ![Avatar of Miguel]()
* ![Avatar of Mitchell Spencer]()
* ![Avatar of Muhammad]()
* ![Avatar of No√´lle Becker Moreno]()
* ![Avatar of Olivia]()
* ![Avatar of Pablo]()
* ![Avatar of Pranav]()
* ![Avatar of Pyramid Pundit]()
* ![Avatar of Rembrandt]()
* ![Avatar of Ricky]()
* ![Avatar of Rodrigo Coelho]()
* ![Avatar of Ruslan Rotaru]()
* ![Avatar of Samuel Metcalfe]()
* ![Avatar of Sebastian]()
* ![Avatar of Shiyas Mohammed]()
* ![Avatar of Simon Emanuel Schmid]()
* ![Avatar of Stefanie Aitchison]()
* ![Avatar of Tech Rocket]()
* ![Avatar of Tech Rocket]()
* ![Avatar of Tegan Kline]()
* ![Avatar of Theo Butler]()
* ![Avatar of tmigone]()
* ![Avatar of Trish Marschke]()
* ![Avatar of Vane Vargas ]()
* ![Avatar of Vivian Peng]()
* ![Avatar of Vlad Sirenko]()
* ![Avatar of Wen Gu]()
* ![Avatar of Yash Jagtap]()
* ![Avatar of Zoran]()
![Let‚Äôs solve the world‚Äôs biggest challenges - Edge & Node]()Subscribe to our newsletter for the best of web3
------------------------------------------------

Stay on top of the latest web3 news with a fresh cup of web3 Tea delivered right to your inbox. Web3 Tea is a bi\-weekly round\-up of web3 developments, macro observations, and profound tweets.

Stay stimulated with web3 Tea, whether you're a web3 beginner or expert!

Subscribe* [Jobs](/jobs/)
* [Blog](/blog/)
* [House of Web3](/thehouseofweb3/)
* [Privacy Policy](/privacy/)
* [Terms of Service](/terms-of-service/)
¬© 2024, Edge \& Node",151616,4962,valid,"[""http://edgeandnode.com"", ""/jobs/""]",Job list,,"[""VP of Partnership and Growth"", ""Design Engineer"", ""Data Engineer, Rust"", ""Rust Engineer"", ""Senior Product Manager, Developer Experience"", ""Full Stack Engineer"", ""Cryptoeconomics Researcher"", ""Protocol Engineer""]",True,VP of Partnership and Growth,I saw you're hiring for a VP of Partnership and Growth.,"Hey [firstName],

I saw you're hiring for a VP of Partnership and Growth.. Businesss must be going good!

Given your trajectory, I assume your doing everything to increase conversion. That's also the reason we've built UserGems. You can automatically capture buying signals from your prospect & put your pipeline on auto-pilot.

Let me know if that's of interest.

Best,
[Your Name]"
Paraform,https://www.paraform.com/,Success,Success,"Paraform ‚Äî Recruiting, made easy‚úïWhat's your highest priority role?Paste a job link to get started (e.g. Greenhouse, Lever, etc.)Important requirements(optional)Target companies(optional)Where would you like to see candidates from?Generate preview Announcing Paraform‚Äôs $3\.6 million Seed Round Led by A\*[Learn more](https://techcrunch.com/2024/04/15/paraform-a-recruiting-platform-that-connects-recruiters-and-startups-raises-funding/)[Paraform](/)[Recruiters](/recruiters)[Customers](/customers)[Careers](/company/paraform)[Blog](/blog)Resources[Login](/login)Book a DemoMatch with expert recruiters and fill your hardest roles.
=========================================================

Finding exceptional talent was extremely difficult, until now.

Book a demo![Hexagon Center]()![Hexagon Center]()![Hexagon Center]()Application Engineer3 Interviewing5 InterviewingEngineering Leader5 InterviewingData Scientist2 Interviewing5 InterviewingTalent Scout\+2 Candidates ![Hexagon 0]()![Hexagon 0]()![Hexagon 0]()Recruiter\+5 Candidates ![Hexagon 1]()![Hexagon 1]()![Hexagon 1]()Recruiter\+3 Candidates ![Hexagon 2]()![Hexagon 2]()![Hexagon 2]()Talent Partner\+1 Candidates ![Hexagon 3]()![Hexagon 3]()![Hexagon 3]()Recruiter\+2 Candidates ![Hexagon 4]()![Hexagon 4]()![Hexagon 4]()Sourcer\+2 Candidates ![Hexagon 5]()![Hexagon 5]()![Hexagon 5]()### Teams hiring with Paraform


---

[![logo]()](https://character.ai/)[![logo]()](https://mintlify.com/)[![logo]()](https://www.eightsleep.com/)[![logo]()](https://applied.co/)[![logo]()](https://beacons.ai/)[![logo]()](https://www.harmonic.ai/)[![logo]()](https://magic.dev/)[![logo]()](https://www.aspire.io/)[![logo]()](https://traba.work/)[![logo]()](https://scale.com/)[![logo]()](https://www.pocus.com/)[![logo]()](https://hightouch.com/)[![logo]()](https://www.hex.tech/)Our recruiting verticals
========================

Growth Stage StartupsStuck on a hard search for too long?
------------------------------------

Some positions just need external help to fill. Take advantage of established networks and domain expertise to reduce cost and time to hire.![]()![]()![]()Roles filled: [Product Security Engineer](https://www.paraform.com/company/hex/clu0npccf000flb0fa26xux6j), [Head of Marketing](https://www.paraform.com/company/cyberconnect/clsno33x6001yjk0hz0v7sph0), [Application Software Engineer](https://www.paraform.com/company/applied-intuition/clre3raxj002cl50fsmz80cuw)Early Stage StartupsResearch \& ScienceHardware \& ManufacturingOtherStuck on a hard search for too long?
------------------------------------

Some positions just need external help to fill. Take advantage of established networks and domain expertise to reduce cost and time to hire.![]()![]()![]()Roles filled: [Product Security Engineer](https://www.paraform.com/company/hex/clu0npccf000flb0fa26xux6j), [Head of Marketing](https://www.paraform.com/company/cyberconnect/clsno33x6001yjk0hz0v7sph0), [Application Software Engineer](https://www.paraform.com/company/applied-intuition/clre3raxj002cl50fsmz80cuw)3x
==

#### Faster time to hire

40%
===

#### Cheaper than traditional recruiting

70%
===

#### Majority of candidates interviewed

How to hire on Paraform
=======================

01
==

Put up your hard to fill positions
----------------------------------

Submit your exact search requirements on Paraform and connect with top\-notch recruiters who specialize in your industry and role.  


### Senior Hardware Engineer

$170k ‚Äì $240kPosted 1 hour ago![Profile image 9]()![Profile image 5]()![Profile image 2]()11 recruiters are a good match### Senior Software Engineer

$150k ‚Äì $220kPosted 4 days ago![Profile image 9]()![Profile image 5]()![Profile image 2]()19 recruiters are a good match### Enterprise Account Executive

$170k ‚Äì $220kPosted 8 hours ago![Profile image 9]()![Profile image 5]()![Profile image 2]()10 recruiters are a good match02
==

Let expert recruiters funnel you leads
--------------------------------------

Recruiters leverage their existing networks and do targeted outreach. Our quality\-focused incentives ensure they only send the best candidates.  


New Hire03
==

Interview and hire the best
---------------------------

For every candidate, you'll receive screening call notes, LinkedIn, and resume. Choose who you interview, easily manage the process, and hire the best candidate(s).  


Intro Call7![Timothy Chef]()Timothy ChefSilicon Engineer @ Apple![Gill Bates]()Gill BatesEM @ Microsoft![Satoshi Nakamoto]()Satoshi NakamotoVP of Risk Management @ FTX![Jeffrey Bisnos]()Jeffrey BisnosOps @ AmazonInterview2![Elong Ma]()Elong MaSWE III @ Tesla![Hensen Juang]()Hensen JuangDirector @ NVIDIARejected15![Lucy Parker]()Lucy ParkerPM @ Meta![Alina Shou]()Alina ShouHR @ DoorDash![Jin Yang]()Jin YangIntern @ PiedPiper![Lizzy Holmes]()Lizzy HolmesSafety @ CruiseTry it out now
==============

Setup a demo role in seconds and see how Paraform works
-------------------------------------------------------

Get startedBook a demoStark Industries Inc. Founding memberFull\-time ‚Ä¢ San Francisco ‚Ä¢$100k \- $150k

---

#### White glove onboarding and support for new roles

#### Specialized team of recruiters for your niche

![quote]()‚ÄúImagine if agencies actually worked. I‚Äôve tried countless recruiting tools throughout my entire career and there is nothing quite like Paraform.‚Äù

![quote]()#### Corey Stein

VP of Engineering

[Read More](/blog/hightouch)![Access top recruiters]()Access top recruiters
=====================

We built a marketplace of some of the best recruiters who can help you fill important roles, no matter how niche or difficult.

![Flex based on your hiring needs]()Flex based on your hiring needs
===============================

Allocate resources efficiently by adjusting recruiters and roles as needed. Save up to 40% on recruiting costs.

![Tight feedback loop with recruiters]()Tight feedback loop with recruiters
===================================

Access the firepower of a full recruiting team with the operational simplicity of working with just one recruiter.

![Integrations with your recruiting stack]()Integrations with your recruiting stack
=======================================

Implementing Paraform adds no extra effort or complexity. Plug right into your ATS, slack, email, calendar, and more.

Want to get paid on Paraform?
=============================

Help the most exciting startups hire and earn on your own terms \- a new way to work.
-------------------------------------------------------------------------------------

[Start recruiting](/recruiters)[Earnings calculator](/recruiters#calculator)See what companies have to say about Paraform
---------------------------------------------

98%
===

Satisfaction rate

200\+
=====

Companies making hires on Paraform

![quote]()‚ÄúWe hired exceptional engineers and GTM talent through Paraform \- the biggest differentiator over other vendors is the quality of candidates‚Äù

![quote]()#### Ashwin Sreenivas

Co\-founder

[Read More](/blog/decagon)[![]()![/customers/logos/hightouch.png logo]()Engineering LeaderRole filled](/blog/hightouch)[![]()![/customers/logos/pocus.png logo]()Software EngineerRole filled](/blog/pocus)[![]()![/customers/logos/terradot.png logo]()Lead Research ScientistRole filled](/blog/terradot)[![]()![/customers/logos/hex.png logo]()AI Product Engineering LeadRole live](/company/hex/clu0qomge001mjw0f33uafsj9)[![]()![/customers/logos/sailes.png logo]()Staff Software EngineerRole filled](/blog/sailes)[![]()![/customers/logos/vellum.png logo]()Frontend EngineerRole filled](/blog/vellum)[Our customers](/customers)Start your search today.
========================

Speak with our team to learn more about how Paraform can help you fill your difficult positions

[Book a demo](/?demo=true)Get startedParaform¬© 2024 Paraform, Inc.[![SOC 2 Certification]()](https://app.vanta.com/paraform/trust/agpy99m44lmjx3p6964yep)Company* [About us](/company/paraform)
* [Customers](/customers)
* [Success stories](/blog/category/recruiter-stories)
* [Terms](/terms)
* [Privacy](/terms?terms=privacy)
* [CareersWe're hiring!](/company/paraform)
Resources* [Blog](/blog)
* [Linkedin extension](/chrome)
* [Help center](/help)
* [Refer a recruiter](/help/article/recruiter-referrals)
* [Refer a startup](/help/article/company-referrals)
* [Changelog](/changelog)
* [Glossary](/glossary)
Partners* [LinkedIn](/partners/linkedin)
* [Recruiterflow](/partners/recruiterflow)
* [Juicebox](/partners/juicebox)
* [Takotasks](/partners/takotasks)
* [Apollo.io](/partners/apollo)
* [HireEZ](/partners/hireez)
* [Teamable](/partners/teamable)
Get started* Book a demo
* [Recruiters](/recruiters)
* [Sign up](/signup)
* [Login](/login)
Loading...Directory",170779,8738,valid,"[""https://www.paraform.com/""]",Job list,,"[""Senior Hardware Engineer"", ""Senior Software Engineer"", ""Enterprise Account Executive""]",True,Enterprise Account Executive,I saw you're hiring for an enterprise account executive.,"Hey [firstName],

I saw you're hiring for an enterprise account executive.. Businesss must be going good!

Given your trajectory, I assume your doing everything to increase conversion. That's also the reason we've built UserGems. You can automatically capture buying signals from your prospect & put your pipeline on auto-pilot.

Let me know if that's of interest.

Best,
[Your Name]"
CodeCrafters,https://codecrafters.io,Success,Success,"CodeCrafters \| Advanced programming challenges[Login](https://app.codecrafters.io/)[About](https://www.ycombinator.com/launches/Gh3-codecrafters-advanced-code-challenges-for-senior-engineers)[Perks](/perks)[Pricing](/pricing)[Expense](/expense)[![]()![logo]()](/)[About](https://www.ycombinator.com/launches/Gh3-codecrafters-advanced-code-challenges-for-senior-engineers)[Perks](/perks)[Pricing](/pricing)[Expense](/expense)[Log in](https://app.codecrafters.io)[Try now](https://app.codecrafters.io/)[NEWSNow backed by![]()![YC logo]()YC‚Üí](https://twitter.com/ycombinator/status/1542900847654252546)Practice Writing    
Complex Software.Recreate Redis, Git, SQLite ‚Äî with your own hands.    
Gain expert\-level confidence by taking action and    
diving deep, learning from the world's best.[Explore and try now ‚Üí](https://app.codecrafters.io)[See the 2m demo](https://codecrafters.io/videos/demo)Join senior engineers working at the world‚Äôs best companies![company]()![company]()![company]()![company]()![company]()![company]()![company]()![company]()![company]()![company]()![company]()![company]()![company]()![company]()![company]()![company]()![company]()![company]()![company]()![company]()![company]()![company]()![company]()![company]()### Learn to do it right ‚Äî from the best.

Build complex projects and discover best practices through   
expert\-reviewed recommended approaches.![Photo of JJ Kasper]()JJ KasperMaintainer of Next.js  
  
![]()![Photo of JJ Kasper's org]()Reviewer for JavaScript![Photo of Marcos Lilljedahl]()Marcos LilljedahlDocker contributor \& ex   
Head of DevOps @ Vercel  
  
![]()![Photo of Marcos Lilljedahl's org]()Reviewer for Golang![Photo of Juan Campa]()Juan CampaChromium Hacker @ Mighty \&   
ex Architect @ Zynga  
  
![]()![Photo of Juan Campa's org]()Reviewer for Rust![Photo of Paul Kuruvilla]()Paul KuruvillaCTO, CodeCrafters  
  
![]()![Photo of Paul Kuruvilla's org]()Solutions Author### Hear it from our members

Engineers at top teams love The CodeCrafters Way‚Ñ¢These guys ruined my weekend![]()![author avatar]()Djordje Lukic (@rumpl)Full\-time Docker contributor![company logo]()There are few sites I like as much that have a step by step guide. The real\-time feedback is so good, it's creepy!![]()![author avatar]()Ananthalakshmi SankarAutomation Engineer at Apple![company logo]()I spent a full day on your course and ended up building the whole thing myself. As a SRE (and mostly a user of SQLite), digging into the internals blew me away.![]()![author avatar]()Raghav DuaSRE at Coinbase![company logo]()The Redis challenge was a great way to procrastinate sleeping for a week! A good change of pace from my regular work, and allowed me to explore some cool tech. I'll be back for more.![]()![author avatar]()Rahul TarakPioneer.app \& ODX1 FellowThe Redis challenge was extremely fun. I ended up having to read Redis protocol specification doc pretty carefully in its entirety! The result felt like lightly\-guided independent study, if that makes sense. (Which, again, was lots of fun)![]()![author avatar]()Charles GuoScala Team at Stripe![company logo]()I'm learning about how Redis works under the hood, system calls, socket programming in Python ‚Äî something I've never done before![]()![author avatar]()Akshata MohanSenior Data Scientist at Cloudflare![company logo]()My favorite way to master a language.![]()![author avatar]()Pranjal PaliwalWinner of HackAtomI‚Äôve started the SQLite challenge, enjoying it a lot so far. Just the right level of guidance, helpful yet gives you a lot of freedom to explore and learn for yourself.![]()![author avatar]()Cindy WuParticipant at Recurse Center![company logo]()In a perfect world, job interviews ask for assignments like CodeCrafters instead of Leetcode.
 The best way to refresh your programming language skills and learn something new about Redis, Git, SQLite internals.![]()![author avatar]()Vladislav TenSoftware Engineer at Microsoft![company logo]()The challenge helped me dive into its internals, through \*actual\* practice. Super fun.![]()![author avatar]()Kang Ming TaySoftware Engineer at Supabase![company logo]()I was really impressed that they support Haskell, and will probably usethis to learn Rust! The git\-based workflow is :chefkiss:![]()![author avatar]()Jonathan LorimerLead SWE at Mercury Bank![company logo]()Found out from a colleague. It has you build your own version of things like Git and SQLite from scratch. A cool way to build a stronger mental model of how those tools work.![]()![author avatar]()Beyang LiuCTO at SourceGraph![company logo]()[Try Now ‚Üí](https://app.codecrafters.io/)Projects that go   
way beyond the basicsThe most respected engineers got there by improving the depth of their understanding ‚Äî and you can too.  
  
Recreate timeless software and experience advanced system design concepts, while developing an appreciation for tools you use everyday.  
  
Most languages supported.The Redis challenge was extremely fun. I ended up having to read Redis protocol specification doc pretty carefully in its entirety! The result felt like lightly\-guided independent study, if that makes sense. (Which, again, was lots of fun)![]()![author avatar]()Charles GuoScala Team at Stripe![]()![company logo]()![]()![feature]()Inspiration directly from   
how the experts do itReading good code is as important as writing code.  
  
First build the project your way. Then compare with the community approach. And finally, navigate the official source code to see how it's done.  
  
A great headstart into becoming an OSS contributor.These guys ruined my weekend![]()![author avatar]()Djordje Lukic (@rumpl)Full\-time Docker contributor![]()![company logo]()![]()![feature]()Adventures that you'll   
love bragging aboutOur members have showcased their CodeCrafters experience during Learning Fridays, at book clubs, on their blogs, CVs... even email footers.  
  
Which friends will you show your projects?I spent a full day on your course and ended up building the whole thing myself. As a SRE (and mostly a user of SQLite), digging into the internals blew me away.![]()![author avatar]()Raghav DuaSRE at Coinbase![]()![company logo]()![]()![feature]()### The world's best got better by doing.

Hear from Pete Koomen, co\-founder \& CTO of Optimizely, on how he learns.[Try Now ‚Üí](https://app.codecrafters.io/)### Challenges

[Build Your Own Redis](https://app.codecrafters.io/courses/redis/overview)[Build Your Own Git](https://app.codecrafters.io/courses/git/overview)[Build Your Own SQLite](https://app.codecrafters.io/courses/sqlite/overview)[Build Your Own Grep](https://app.codecrafters.io/courses/grep/overview)[Build Your Own BitTorrent](https://app.codecrafters.io/courses/bittorrent/overview)[Build Your Own HTTP Server](https://app.codecrafters.io/courses/http-server/overview)[Build Your Own DNS Server](https://app.codecrafters.io/courses/dns-server/overview)[Build Your Own Shell](https://app.codecrafters.io/courses/shell/overview)[Build Your Own Interpreter](https://app.codecrafters.io/courses/interpreter/overview)### Resources

[Changelog](https://twitter.com/codecraftersio)[Community](https://discord.gg/DeqUD2P)[Help](https://docs.codecrafters.io/)[Perks](/perks)[Status](https://status.codecrafters.io/)### Company

[Jobs](/jobs)[Pricing](/pricing)[For Investors](mailto:sarup@codecrafters.io)[Bulk Licenses](mailto:sarup@codecrafters.io)### Legal

[Terms](https://codecrafters.io/terms)[Privacy](https://codecrafters.io/privacy)### Projects for hackers.

Find out when we launch new modules.Subscribe[![]()![logo]()](/)¬© 2024 CodeCrafters, Inc. All rights reserved.",198400,7637,valid,"[""https://codecrafters.io"", ""/jobs""]",Job list,,"[""Graphic Designer"", ""Software Engineer, Product"", ""Marketing Writer [Technical]"", ""Influencer Partnerships Manager""]",True,"Influencer Partnerships Manager,Marketing Writer [Technical]",I saw you're hiring for an Influencer Partnerships Manager and a Marketing Writer [Technical].,"Hey [firstName],

I saw you're hiring for an Influencer Partnerships Manager and a Marketing Writer [Technical].. Businesss must be going good!

Given your trajectory, I assume your doing everything to increase conversion. That's also the reason we've built UserGems. You can automatically capture buying signals from your prospect & put your pipeline on auto-pilot.

Let me know if that's of interest.

Best,
[Your Name]"
Bloom Systems,https://bloomsystems.io,Success,Success,"bloomsystems


[bloom systems](#)Toggle navigation

* [Home](/index.html)
* [Sign Up](/sign-up.html)
* [Careers](/careers.html)


bloom


Grow. Measure. Learn.


[Request Demo](/sign-up.html)


Services
========


### Manufacturing Telemetry


Track growth, detect trends, and calculate costs across all phases of cultivation.


### Data Visualization


View insightful data breakdowns paired with simple visuals that enable data\-driven business decisions.


### Financial Reporting


Generate standardized financial reports and projections for enhanced oversight and financial modeling.


### Productivity


Perform cost analysis and track worker capital investment.


### Yield Optimization


Collect and analyze data to maximize yield on your products.


### Integrations


METRC and more coming soon!


Our Software
------------


All your cultivation needs in one application.

[Request Pricing](/sign-up.html)


Manufacturing Telemetry
=======================


Data Visualization
==================


Financial Reporting
===================


Productivity
============


Yield Optimization
==================


Integrations
============


![]()


### Services


* [Manufacturing Telemetry](#)
* [Data Visualization](#)
* [Financial Reporting](#)
* [Productivity](#)
* [Yield Optimization](#)
* [Integrations](#)


### About


* [Our Technology](#)
* [Careers](#)


### bloom systems


An innovative tech company looking to help the cannabis industry bloom with cutting edge software tools.


bloom systems ¬© 2022",10810,1520,valid,"[""https://bloomsystems.io"", ""/careers.html""]",Job list,,"[""Sr. Software Engineer"", ""Jr. Software Engineer"", ""Cloud Architect (AWS)"", ""Saas Salesperson"", ""Administrative Assistant"", ""Project Manager""]",True,Saas Salesperson,I saw you're hiring for a Saas salesperson.,"Hey [firstName],

I saw you're hiring for a Saas salesperson.. Businesss must be going good!

Given your trajectory, I assume your doing everything to increase conversion. That's also the reason we've built UserGems. You can automatically capture buying signals from your prospect & put your pipeline on auto-pilot.

Let me know if that's of interest.

Best,
[Your Name]"
Climate Tech Cocktails,https://www.climatetechcocktails.com/,Success,Success,"Climate Tech Cocktails \| Substack


![]()Climate Tech Cocktails
======================

Welcome to Climate Tech Cocktails, where we've been helping make climate tech cool and accessible since '21\.

Over 14,000 subscribersSubscribeNo thanksBy registering you agree to Substack's [Terms of Service](https://substack.com/tos), our [Privacy Policy](https://substack.com/privacy), and our [Information Collection Notice](https://substack.com/ccpa#personal-data-collected)
[![]()](/)[Climate Tech Cocktails](/)
===========================

SubscribeSign in[Home](/)[Fund](/s/ctc-fund)[Coffee](/s/coffee)[Archive](/archive)[About](/about)![]()[9/20: CTCxClimate¬†DC](https://www.climatetechcocktails.com/p/920-ctcxclimate-dc)[DC, here we come!](https://www.climatetechcocktails.com/p/920-ctcxclimate-dc)17 hrs ago¬†‚Ä¢¬†[Climate Tech Cocktails](https://substack.com/@climatetechcocktails)5Share this post![]()#### 9/20: CTCxClimate DC

www.climatetechcocktails.comCopy linkFacebookEmailNoteOther![]()[10\.16: CTC Pink Pony Party @LA Tech Wk](https://www.climatetechcocktails.com/p/1016-ctc-pink-pony-party-la-tech)[LFG!!](https://www.climatetechcocktails.com/p/1016-ctc-pink-pony-party-la-tech)Aug 27¬†‚Ä¢¬†[Climate Tech Cocktails](https://substack.com/@climatetechcocktails)3Share this post![]()#### 10\.16: CTC Pink Pony Party @LA Tech Wk

www.climatetechcocktails.comCopy linkFacebookEmailNoteOther![]()[9\.10: CTC x NCV @ H\-Town Climate Wk After Party](https://www.climatetechcocktails.com/p/910-ctc-x-ncv-h-town-climate-wk-after)[yeeehaw!](https://www.climatetechcocktails.com/p/910-ctc-x-ncv-h-town-climate-wk-after)Aug 22¬†‚Ä¢¬†[Climate Tech Cocktails](https://substack.com/@climatetechcocktails)3Share this post![]()#### 9\.10: CTC x NCV @ H\-Town Climate Wk After Party

www.climatetechcocktails.comCopy linkFacebookEmailNoteOther![]()[CTC@Inaugural Boston Tough Tech Wk!](https://www.climatetechcocktails.com/p/ctcinaugural-boston-tough-tech-wk)[Fasten your seatbelts](https://www.climatetechcocktails.com/p/ctcinaugural-boston-tough-tech-wk)Aug 20¬†‚Ä¢¬†[Climate Tech Cocktails](https://substack.com/@climatetechcocktails)2Share this post![]()#### CTC@Inaugural Boston Tough Tech Wk!

www.climatetechcocktails.comCopy linkFacebookEmailNoteOther![]()43:43[Found Energy: Peter Godart](https://www.climatetechcocktails.com/p/found-energy-peter-godart)[üåçSustainable Fuel, ‚ôªÔ∏èRecycling Aluminum, üéπJazz Piano, üõ∞Space Tech, and ‚ú® More](https://www.climatetechcocktails.com/p/found-energy-peter-godart)Aug 15¬†‚Ä¢¬†[Climate Tech Cocktails](https://substack.com/@climatetechcocktails)4Share this post![]()#### Found Energy: Peter Godart

www.climatetechcocktails.comCopy linkFacebookEmailNoteOtherMost Popular[View all](/archive?sort=top)[The EVERY Company: Arturo Elizondo](https://www.climatetechcocktails.com/p/the-every-company-arturo-elizondo)May 24, 2022¬†‚Ä¢¬†[Climate Tech Cocktails](https://substack.com/@climatetechcocktails)![]()48Share this post![]()#### The EVERY Company: Arturo Elizondo

www.climatetechcocktails.comCopy linkFacebookEmailNoteOther[We're Hiring a Marketing Badass!](https://www.climatetechcocktails.com/p/were-hiring-a-marketing-badass)Jan 10¬†‚Ä¢¬†[Climate Tech Cocktails](https://substack.com/@climatetechcocktails)![]()31Share this post![]()#### We're Hiring a Marketing Badass!

www.climatetechcocktails.comCopy linkFacebookEmailNoteOther[2024: Here We Come](https://www.climatetechcocktails.com/p/2024-here-we-come)Jan 1¬†‚Ä¢¬†[Climate Tech Cocktails](https://substack.com/@climatetechcocktails)![]()21Share this post![]()#### 2024: Here We Come

www.climatetechcocktails.comCopy linkFacebookEmailNoteOther[Here I Am](https://www.climatetechcocktails.com/p/here-i-am)Aug 8¬†‚Ä¢¬†[Climate Tech Cocktails](https://substack.com/@climatetechcocktails)![]()20Share this post![]()#### Here I Am

www.climatetechcocktails.comCopy linkFacebookEmailNoteOther[6](https://www.climatetechcocktails.com/p/here-i-am/comments)![]()[500 RSVPs in 24hrs! LFG!](https://www.climatetechcocktails.com/p/500-rsvps-in-24hrs-lfg)[Also\-\-need vegan restaurant recs!](https://www.climatetechcocktails.com/p/500-rsvps-in-24hrs-lfg)Aug 14¬†‚Ä¢¬†[Climate Tech Cocktails](https://substack.com/@climatetechcocktails)1Share this post![]()#### 500 RSVPs in 24hrs! LFG!

www.climatetechcocktails.comCopy linkFacebookEmailNoteOther![]()[CTC@NYCW24 Invite is...ALIVE!](https://www.climatetechcocktails.com/p/ctcnycw24-invite-isalive)[Heeere we go!](https://www.climatetechcocktails.com/p/ctcnycw24-invite-isalive)Aug 13¬†‚Ä¢¬†[Climate Tech Cocktails](https://substack.com/@climatetechcocktails)6Share this post![]()#### CTC@NYCW24 Invite is...ALIVE!

www.climatetechcocktails.comCopy linkFacebookEmailNoteOther![]()[CTC FOMO üóìÔ∏è](https://www.climatetechcocktails.com/p/ctc-fomo-8bb)[Dive into the latest climate tech events and beat the FOMO!](https://www.climatetechcocktails.com/p/ctc-fomo-8bb)Aug 11¬†‚Ä¢¬†[Climate Tech Cocktails](https://substack.com/@climatetechcocktails)8Share this post![]()#### CTC FOMO üóìÔ∏è

www.climatetechcocktails.comCopy linkFacebookEmailNoteOther![]()[Here I Am](https://www.climatetechcocktails.com/p/here-i-am)[A personal note](https://www.climatetechcocktails.com/p/here-i-am)Aug 8¬†‚Ä¢¬†[Climate Tech Cocktails](https://substack.com/@climatetechcocktails)20Share this post![]()#### Here I Am

www.climatetechcocktails.comCopy linkFacebookEmailNoteOther[6](https://www.climatetechcocktails.com/p/here-i-am/comments)![]()[CTC Electric RV Fall Roadshow](https://www.climatetechcocktails.com/p/ctc-electric-rv-fall-roadshow)[Buckle up! We're coming to a city near you!](https://www.climatetechcocktails.com/p/ctc-electric-rv-fall-roadshow)Aug 6¬†‚Ä¢¬†[Climate Tech Cocktails](https://substack.com/@climatetechcocktails)5Share this post![]()#### CTC Electric RV Fall Roadshow

www.climatetechcocktails.comCopy linkFacebookEmailNoteOther![]()[WeaveGrid: Apoorv Bhargava](https://www.climatetechcocktails.com/p/weavegrid-apoorv-bhargava)[ü™©Disco,‚ö°Ô∏èEnergy Efficiency, üöóEV Grid, üé§Karaoke, and üí°More](https://www.climatetechcocktails.com/p/weavegrid-apoorv-bhargava)Aug 1¬†‚Ä¢¬†[Climate Tech Cocktails](https://substack.com/@climatetechcocktails)3Share this post![]()#### WeaveGrid: Apoorv Bhargava

www.climatetechcocktails.comCopy linkFacebookEmailNoteOther![]()[CTC FOMO üóìÔ∏è](https://www.climatetechcocktails.com/p/ctc-fomo-28d)[FOMO no more! Start your week with all of the latest climate tech events.](https://www.climatetechcocktails.com/p/ctc-fomo-28d)Jul 21¬†‚Ä¢¬†[Climate Tech Cocktails](https://substack.com/@climatetechcocktails)4Share this post![]()#### CTC FOMO üóìÔ∏è

www.climatetechcocktails.comCopy linkFacebookEmailNoteOther![Climate Tech Cocktails ]()Climate Tech Cocktails Welcome to Climate Tech Cocktails, where we've been helping make climate tech cool and accessible since '21\.Subscribe#### Climate Tech Cocktails

Subscribe[About](/about)[Archive](/archive)[Sitemap](/sitemap)¬© 2024 Climate Tech Cocktails[Privacy](https://substack.com/privacy) ‚àô [Terms](https://substack.com/tos) ‚àô [Collection notice](https://substack.com/ccpa#personal-data-collected) [Start Writing](https://substack.com/signup?utm_source=substack&utm_medium=web&utm_content=footer)[Get the app](https://substack.com/app/app-store-redirect?utm_campaign=app-marketing&utm_content=web-footer-button)[Substack](https://substack.com) is the home for great cultureShareCopy linkFacebookEmailNoteOther",395180,7340,valid,"[""https://www.climatetechcocktails.com/""]",Job list,,"[""Marketing Badass""]",True,Marketing Badass,I saw you're hiring for a marketing badass.,"Hey [firstName],

I saw you're hiring for a marketing badass.. Businesss must be going good!

Given your trajectory, I assume your doing everything to increase conversion. That's also the reason we've built UserGems. You can automatically capture buying signals from your prospect & put your pipeline on auto-pilot.

Let me know if that's of interest.

Best,
[Your Name]"
Mobility Route,https://mobilityroute.com,Success,Success,"Mobility Route \- NEMT Dispatch \& Billing Software


 


 


[![logo]()
![dark logo]() ![light logo]()](https://mobilityroute.com/) 


* [About](#)

	+ [Our Company](#)
	+ [Board of Directors](/directors)
* [Product](#)

	+ [Features](/features)
	+ [Integrations](#)
	+ [FAQ](https://mobilityroute.com/faq/)
* [Pricing](https://mobilityroute.com/pricing/)
* [Blog](/blog)
* [Demo](https://mobilityroute.com/demo/)

 


[![logo]()
![dark logo]() ![light logo]()](https://mobilityroute.com/) 


* [About](#)

	+ [Our Company](#)
	+ [Board of Directors](/directors)
* [Product](#)

	+ [Features](/features)
	+ [Integrations](#)
	+ [FAQ](https://mobilityroute.com/faq/)
* [Pricing](https://mobilityroute.com/pricing/)
* [Blog](/blog)
* [Demo](https://mobilityroute.com/demo/)


 


[![Mobile Logo]()](https://mobilityroute.com/)


* [Features](https://mobilityroute.com/features/)
* [Pricing](https://mobilityroute.com/pricing/)
* [Blog](https://mobilityroute.com/blog/)
* [About us](https://mobilityroute.com/about-us/)
* [Demo](https://mobilityroute.com/demo/)

 


###### Combining automation and human decision\-making for reliable \& compassionate transportation.


Next Level NEMT Software
------------------------


 


[Take a tour](/#) 


[Get a demo](/demo) 


![Map_Reduced_Phone]()


![TripsRoute_Reduced_Phone]()


![PendingTrips_Reduced_Phone]()


1


2


3


![x]() 


#### Connected


A wide range of detailed integrations with major brokers as well as regional and local brokers and funding sources across the country.


![x]() 


#### Reliable


A focus on uptime availability and handling of offline operation when networks fail outside of our control, including outages from mobile networks and internet service providers.


![x]() 


#### Intuitive


A clean and modern feel so dispatching and scheduling is made easy.


 


##### Intuitive Dispatching \& Scheduling


A clean and modern look and feel so handling tasks for dispatching and scheduling is easy. We believe in the value of automation, but we also believe strongly of the need for a human touch in order to provide quality NEMT services. This is why we focus on providing the tools to allow dispatchers and other operators to make the right decisions quickly and efficiently.


##### Native Mobile Apps


You won‚Äôt find any gimmicks here! With actual mobile apps for iOS and Android, you‚Äôll enjoy lower data\-consumption, as well as a consolidated solution that offers ‚Äúlite‚Äù tools for mobile dispatchers \& management. This includes providing you with the options on who (ie drivers and/or dispatchers) can use the mobile app to see your fleet vehicle locations, and more.


##### We use Google Maps API


It has become common among many of our our competitors to avoid or move away from integration with the Google Maps API‚Äôs due to cost. Mobility Route is committed to providing the best mapping and traffic model information in our solutions, greatly impacting our customers performance, especially in urban areas.


##### Partners \& Integrations


We are staying on the leading edge of innovation and collaboration within the NEMT space. We provide and maintain both API integration and file\-based processes with many national, regional, and even local brokers and programs across the country. We also support other integrations with our partners and other popular software solutions used to handle your daily business.


##### HIPAA Compliance a Top Priority


Many stakeholders in the NEMT industry have come to realize the seriousness of compliance with HIPAA. NEMT operators must ensure they comply with various aspects of this law. Unfortunately its not just as simple as sending drivers through so\-called ‚ÄúHIPAA training‚Äù and thinking it only applies to medical information. Any personal identifiable information‚Äì even addresses and full names‚Äì is subject to protection under the law.


 


###### WHAT WE HAVE


Features made for NEMT
----------------------


 Our solution has always been focused on attention to detail in order to avoid a cookie\-cutter solution seen in most other NEMT software platforms. 


[Take a tour](#) 


###### RETURN ON INVESTMENT


Ensuring transparency \& fairness
---------------------------------


 We believe in being fair and transparent in our pricing as well as our costs of doing business. Ensuring a return\-on\-investment for both our companies in difficult industry is key to a thriving relationship. 


[Read more](#) 


![]() 
 


 


 
 


#### Social Media


Follow us on social media to stay updated on the latest and greatest technology in medical transportation. Next Level NEMT Software.


 


 


#### Contact Us


[Email Sales](mailto:sales@mobilityroute.com) 
[Book a Demo](/demo) 
[Request Contact](/contact-form) 
[(302\) 273\-0770](tel:13022730770) 
[Verify Employment](/employment/verify/) 


#### Features


* [Intuitive Interfaces](/features)
* [Location Tracking](/features)
* [Mobile Apps](/features)
* [Broker Plugins](/features)
* [Route Optimization](/features)
* [Billing \& Invoicing](/features)
 


#### Our Company


[Jobs \& Careers](/jobs) 
[Privacy Policy](/privacy) 
[Terms of Service](/terms) 


![]()
 


 
 
 


![]()√ó",106798,5189,valid,"[""https://mobilityroute.com"", ""/jobs""]",Job list,,"[""Vice President of Sales"", ""Software Developer (Full Stack)""]",True,Vice President of Sales,I saw you're hiring for a vice president of sales.,"Hey [firstName],

I saw you're hiring for a vice president of sales.. Businesss must be going good!

Given your trajectory, I assume your doing everything to increase conversion. That's also the reason we've built UserGems. You can automatically capture buying signals from your prospect & put your pipeline on auto-pilot.

Let me know if that's of interest.

Best,
[Your Name]"
Courseflow,https://www.mycourseflow.com/,Success,Success,"Loop Messaging: Mass Communication System


[Home](/)[Features](/features)[Mass Communication](/mass-communication)[Classroom Communications](/classroom-communications)[Automations \+ Reports](/automations-reports)[Story](/team)[Events](/events)[Case Studies](/blog)[FAQ](/faq)[Careers](/careers)[Pricing](/contact)[Nexus](https://www.asknexus.ai/)[Demo](https://meetings.hubspot.com/luke-wiseman/loop-demo?__hstc=43231418.58da8679996ab737149e45d8edad1192.1725446491134.1725446491134.1725446491134.1&__hssc=43231418.1.1725446491134&__hsfp=487702931)[Login](https://app.loopmessaging.io)![Loop Logo
]()Keep Everyone in the LoopCrafted for ease, designed for impact: The simplest reporting and communication solution built for school districts.[Request a Demo](https://meetings.hubspot.com/luke-wiseman/loop-demo?__hstc=43231418.58da8679996ab737149e45d8edad1192.1725446491134.1725446491134.1725446491134.1&__hssc=43231418.1.1725446491134&__hsfp=487702931)![]()What's New:
===========

Features
========

Loop offers a lightweight yet comprehensive suite of communication tools so that everyone at your district can hit the ground running with minimal training. And for those moments when you need a bit of extra guidance, our top\-tier customer support is right there to help. Working with Loop is more like having a dedicated partner than just another vendor.  
  


[![]()### Mass Communication](/mass-communication)[![two message bubbles]()### Classroom Communications](/classroom-communications)[![gears turning and sparkling]()### AI\-enabled Automations \+ Reports](/automations-reports)[![]()### Websites Coming¬†Soon...](#)[Learn More](/features)Why Loop?
=========

![]()Despite its impressive power...  
Loop proves that a user\-friendly design doesn't equate to a lack of robust functionality. Underneath its beautiful interface, Loop is powered by cutting\-edge technologies and integrations that make communication within your district feel effortless. Using Loop is like giving everyone in your district their own personal assistant.  
  
Loop plugs into your existing technologies, and leverages this integration to improve stakeholder communication, automate routine tasks, and generate actionable insights that save districts money and resources. Yet, despite its impressive power, Loop remains astoundingly simple and intuitive to use. It's a tool that has been thoughtfully crafted to make the complex world of educational reporting and communication as easy as a single click.

[Learn More](/team)Mobile App:[![]()](https://apps.apple.com/us/app/loop/id1636377010)[![]()](https://play.google.com/store/apps/details?id=io.loopmessaging.loopmobile&hl=en&gl=US)About[Privacy Policy](/privacy-policy)[Contact Us](/contact)[625 S. Gay St.  
Suite 630  
‚ÄçKnoxville, TN 37902](#)[Email: support@loopmessaging.io](mailto:support@loopmessaging.io)[![]()](https://twitter.com/loopmessaging)[![]()](https://www.linkedin.com/company/mycourseflow/)[![]()](https://www.facebook.com/Courseflow-108163585327344/)[![]()](https://www.instagram.com/loopmessaging)Copyright ¬© 2024 Courseflow, Inc.  
‚Äç",23149,3098,valid,"[""https://www.mycourseflow.com/"", ""/careers""]",Job list,,"[""Inside Sales Representative"", ""Director of Sales"", ""Senior Systems Engineer"", ""Software Engineer"", ""Head of Sales"", ""Full-Stack Engineer"", ""Cloud Optimization Engineer""]",True,"Director of Sales,Head of Sales",I saw you're hiring for a director of sales and a head of sales.,"Hey [firstName],

I saw you're hiring for a director of sales and a head of sales.. Businesss must be going good!

Given your trajectory, I assume your doing everything to increase conversion. That's also the reason we've built UserGems. You can automatically capture buying signals from your prospect & put your pipeline on auto-pilot.

Let me know if that's of interest.

Best,
[Your Name]"
Outamation,http://www.outamation.com,Success,Success,"Discover the Future of Technology at Outamation \- Where Innovation Meets Convenience


 


  ![Revisit consent button]()    We value your privacy

  We use cookies to enhance your browsing experience, serve personalized ads or content, and analyze our traffic. By clicking ""Accept All"", you consent to our use of cookies.

  Customize Reject All Accept All    Customize Consent Preferences  ![Close]()   We use cookies to help you navigate efficiently and perform certain functions. You will find detailed information about all cookies under each consent category below.

The cookies that are categorized as ""Necessary"" are stored on your browser as they are essential for enabling the basic functionalities of the site. ...¬†Show more

     NecessaryAlways Active   Necessary cookies are required to enable the basic features of this site, such as providing secure log\-in or adjusting your consent preferences. These cookies do not store any personally identifiable data.

    No cookies to display.

      Functional   Functional cookies help perform certain functionalities like sharing the content of the website on social media platforms, collecting feedback, and other third\-party features.

    No cookies to display.

      Analytics   Analytical cookies are used to understand how visitors interact with the website. These cookies help provide information on metrics such as the number of visitors, bounce rate, traffic source, etc.

    No cookies to display.

      Performance   Performance cookies are used to understand and analyze the key performance indexes of the website which helps in delivering a better user experience for the visitors.

    No cookies to display.

      Advertisement   Advertisement cookies are used to provide visitors with customized advertisements based on the pages you visited previously and to analyze the effectiveness of the ad campaigns.

    No cookies to display.

       Reject All   Save My Preferences   Accept All  


![]()


[Skip to content](#content)


* [817\-767\-9390](tel:8177679390)
* [info@outamation.com](mailto:info@outamation.com)


* 


[![]()](https://outamation.com) 


* [Home](https://outamation.com/)
* [About](https://outamation.com/#about)
	+ [Leadership](https://outamation.com/our-team/)
* [Services](https://outamation.com/#!/services)
* [Outamate Mods‚Ñ¢](https://outamation.com/outamate-mods/)
* [Industries](https://outamation.com/#!/prices)
* [Resources](#)
	+ [FAQ](https://outamation.com/#faq)
	+ [Blogs](https://outamation.com/blogs/)

 

 Menu


* [Home](https://outamation.com/)
* [About](https://outamation.com/#about)
	+ [Leadership](https://outamation.com/our-team/)
* [Services](https://outamation.com/#!/services)
* [Outamate Mods‚Ñ¢](https://outamation.com/outamate-mods/)
* [Industries](https://outamation.com/#!/prices)
* [Resources](#)
	+ [FAQ](https://outamation.com/#faq)
	+ [Blogs](https://outamation.com/blogs/)

 


[Contact Us](https://outamation.com/contact/)


* [817\-767\-9390](tel:8177679390)
* [info@outamation.com](mailto:info@outamation.com)


* 


[![]()](https://outamation.com) 


* [Home](https://outamation.com/)
* [About](https://outamation.com/#about)
	+ [Leadership](https://outamation.com/our-team/)
* [Services](https://outamation.com/#!/services)
* [Outamate Mods‚Ñ¢](https://outamation.com/outamate-mods/)
* [Industries](https://outamation.com/#!/prices)
* [Resources](#)
	+ [FAQ](https://outamation.com/#faq)
	+ [Blogs](https://outamation.com/blogs/)

 

 Menu


* [Home](https://outamation.com/)
* [About](https://outamation.com/#about)
	+ [Leadership](https://outamation.com/our-team/)
* [Services](https://outamation.com/#!/services)
* [Outamate Mods‚Ñ¢](https://outamation.com/outamate-mods/)
* [Industries](https://outamation.com/#!/prices)
* [Resources](#)
	+ [FAQ](https://outamation.com/#faq)
	+ [Blogs](https://outamation.com/blogs/)

 


[Contact Us](https://outamation.com/contact/)


Accelerate Your Digital Transformation with Outamation
======================================================

 


[Get Started Now](/contact/) 


#### who we are

 


On your path to digital transformation, we aspire to be a growth partner.
-------------------------------------------------------------------------

 


 We are a team of fintech professionals with deep domain knowledge in workflow automation and rapid application development. Using our proprietary Drip innovation by Outamation‚Ñ¢ approach, we innovate and deliver faster.

 


Key benefits of our solution focused engagements:

 


 

 
 
###### Faster deployment of solutions than a typical team setting


 

 
 
###### Quicker revenue recognition by high velocity execution of ideas


 

 
 
###### Ongoing cost savings from highly automated solutions enabling efficient use of resources to support market fluctuations


 

 
 
###### Outcome based or fixed cost pricing models


 

 
 
###### Transparent partnership with shared goals


 

 


![]() 


#### Services

 


We offer several services and solutions designed to help our clients perform better while reaping the tremendous benefits of automation.
----------------------------------------------------------------------------------------------------------------------------------------

 


 

#### Data and Analytics 

#### Tailored Automation Solutions 

 [#### Outamate Data Solution


Know More](https://outamation.com/title-solutions/) 

#### UI/UX Design 

#### Custom Software Development 

#### App Development 

#### Software Testing \& QA 

#### RPA Development 

#### Consulting 

 


With expertise in cloud platforms and web technologies, our team offers round\-the\-clock development and support while upholding the highest quality standards. We provide rapid project delivery while maintaining seamless communication and offering documentation for training and support that our clients need. Enjoy access to flexible engagement plans designed to fit your business needs and help you gain a competitive edge. At Outamation, we deliver exceptional personalized solutions to help you leave a lasting impression on your consumers.

 


#### Official Member

 


[![]()](https://www.mba.org/membership/all-mba-members?StartsWith=O) 


[![]()](https://www.mismo.org/) 


[![]()](https://outamation.com/wp-content/uploads/2023/05/Outamation-Inc-Membership-Certificate.pdf) 


#### Our Expertise

 


 Outamation, a play on words combining automation with outcome\-driven processes, is a digital transformation and robotic process automation organization founded by Sapan Bafna. With more than two decades of experience working in senior leadership roles at various major corporations, Sapan decided to start Outamation to bring automation to the forefront for companies of all sizes. Known for building solid relationships with clients while prioritizing drip innovation, a term coined by Sapan himself, the company continues to focus on addressing every client‚Äôs immediate pain point to deliver feasible solutions that will genuinely make a difference. 


#### Tech Stack

 


###### GO

###### NodeJS

###### ReactJS

###### AngularJS

 ![]()###### Microsoft Power Apps

###### Docker

###### .NET Core

###### Java

###### Python

###### GO

###### NodeJS

###### ReactJS

###### AngularJS

 ![]()###### Microsoft Power Apps

###### Docker

###### .NET Core

###### Java

###### Python

###### GO

###### NodeJS

###### ReactJS

 


#### Why Robotic Process Automation?

 


Robotic process automation will enable you to take your business to the next level with less manual effort, increased productivity and quality. When you implement automation into your day\-to\-day tasks, you can drastically increase productivity rates with less stress and frustration amongst your team members. It also reduces the risk of manual error, enhances security, and allows you to provide better customer service experiences. RPA is precisely what your business needs to grow and thrive over the years.

If you‚Äôd like to offer better quality while boosting morale and experiencing more productivity in the workplace, implementing RPA is a must. No matter what industry you‚Äôre in, there‚Äôs a high probability that automation will work in your favor, leading to better results that help you get ahead of your competition and continue to excel, even throughout some of the most challenging economic times.

 


#### Industries We Serve

 


Organizations in dozens of industries can benefit from the implementation of robotic process automation.
--------------------------------------------------------------------------------------------------------

 


#### The industries we serve include but are not limited to the following:

 


 

#### Healthcare 

#### Mortgages 

#### Education 

#### Legal 

 


Contact us today to learn more about what RPA can do for your business.
-----------------------------------------------------------------------

 


#### We'll let you know if our solutions can improve the efficiency of your organization.

 


[Get Started Now](https://outamation.com/contact/) 


#### Our Values

 


Here at Outamation‚Ñ¢, culture and values are our most important foundation. We are intensely focused on identifying client pain points, building partnerships, and providing quick turnaround times as we deliver convenient, time\-saving solutions that work. As a result, our services are more cost effective and faster to implement than many other automation services.  
Our philosophy is one of drip innovation, which is a grassroots driven exercise to identify the best ideas from all areas of business operations, however small or big. We believe it makes more sense to consider small innovations that collectively improve both the operations team and their clients experience, rather than thinking solely of those larger, more complex goals. It‚Äôs all about working smarter, not harder, with small innovations being easier to achieve for a quick return on investment. Our transparent organization prioritizes automation and helps other organizations do the same seamlessly and without the stress.

 


[![]()](https://www.mismo.org/) 


#### ISO Certified

 


#### OUTAMATION TECHNOLOGIES PRIVATE LIMITED certified as an ISO 27001 : 2013 certified organization.

 


[Know More](https://outamation.com/wp-content/uploads/2023/07/Outamation-ISO-27001-Certificate.pdf) 


#### Frequently Asked Questions

 


What is Drip Innovation by Outamation‚Ñ¢?

Outamation Inc prides itself on its emphasis on what we call ‚Äúdrip innovation‚Äù. Inspired by drip irrigation, a method to get water directly to the root zone of plants, limiting evaporation while spurring more efficient growth, we seek to incorporate specific changes on a smaller scale to improve the overall performance of your business.

It is important to us that we use business‚Äô investments in the most efficient way and bring our solutions directly to the ‚Äúroot zone‚Äù of your business problems. Most consultants seek to incorporate flashy and expensive ideas that cost much more relative to their benefits; even though they might look nice, we strive to take a more delicate approach, offering multiple small\-scale ideas that will focus on your pain points to solve operational and business challenges. Collectively, these smaller innovations lead to a larger return on investment.

For example, if we can automate several tasks that took a couple minutes of work to complete, the time saved will compound and lead to greater benefits than if we had just focused on one issue.

The drip innovation approach leads to operations teams cutting nonvalue tasks and automating repetitive tasks. In large and growing companies that are mired with bureaucratic steps, Outamation can take a surgical approach to spur growth and cut costs. This is often seen as a confidence booster to teams in a business that feel ignored by development projects that solely focus on big ticket items. Another key tenet of our approach is its lack of disruption on a grand scale, avoiding the danger of broad changes cannibalizing revenues. Outamation does not fear disruption or large changes, but rather seeks to make smart investments starting small to remove inefficiencies and then balancing them out with strategic changes to boost profits.


What is RPA?

Robotic Process Automation (RPA) is a technology that enables businesses to use software robots to automate specific tasks.

**For e.g.** when applications are not integrated, team members copy paste or type data to do specific processing steps. These tasks can be either completely automated or augment the productivity of the processor by automating cookie cutter tasks, allowing them to focus on just exceptions.


What Processes Suit RPA Automation the Best?

RPA has wide ranging use across any industry or vertical which is based on computer driven processing ‚Äì either online or client/server application.

**Typical characteristics of ideal candidate for RPA are:**

1. Processes which are not automated of course or not on the roadmap with the technology teams.
2. Processes which are regular and repetitive. These actions don‚Äôt change over time and remain constant. Because robots adhere to rules, tasks that are intended for automation should be composed of clear\-cut actions that are carried out consistently. One example is data entry and exception handling, ‚Äúif this, do that‚Äù, rules\-based tasks like online filing of documents, naming conventions, auto responses etc.

Assuming 1 and 2 is met, second important criterion is to choose a process which has high number of transactions to justify the one time effort in setting up RPA and purchasing related licenses.


Can RPA be used in any Software Application?

RPA can automate and integrate data in any application, in any interface, and in any server, including Citrix, and is completely agnostic in this regard.


What are the benefits of RPA for my business?

Robotic process automation offers countless benefits to businesses throughout various industries.

**For example,** you can automate tasks generally completed by humans to drastically reduce the risk of errors occurring during the process. In addition, robotic process automation means getting time\-consuming, tedious tasks completed without stress or frustration.

While improving accuracy and boosting productivity are two good reasons to consider RPA for your infrastructure, those aren‚Äôt the only benefits your business can experience when implementing it into daily operations.

RPA will help you ramp up security, improve the experience customers have when dealing with your business, and help you maintain regulatory compliance to avoid potential legal issues. With benefits like these, it‚Äôs never been a better time to begin using RPA for your business.


How long does it take for process automation to be implemented?

The time it takes to implement RPA tools into your organization‚Äôs infrastructure may vary based on several factors. In some instances, it can take a minimum of two weeks. However, not all scenarios are the same. Some of the most challenging workflows can take up to three months to fully implement robotic process automation. Even if it takes more time to implement, it‚Äôs worth it in the long run because it will save your business much more time, effort, and money.


How do I get started with RPA?

Like anything, best step is taking the first step and [contact us](https://outamation.com/contact/) for a free consultation. We bring deep expertise from domain knowledge in specific industries, methodology to do cost effective RPA development and proven strategy to launch. Here are the basic steps ‚Äì
1. Select a good process candidate for RPA
2. Document key steps and establish success criterion. Goal can be 70%\+ automation.
3. Set a pilot project with us to see benefits in real time
4. Plan the automation roadmap and Governance Plan
5. Continuous improvements


#### Why Choose Us?

 


Outamation is the go\-to company for robotic process automation, software development, and digital transformations. Our leadership and team have the experience and knowledge to help your business excel. Our process includes assisting clients with ideation, use case definition, and prototyping while launching a viable product that works. We‚Äôve developed a time\-tested approach to provide clients with fast and effective service at an affordable rate.

We‚Äôre committed to our clients and remain accountable for every action taken throughout our partnership. Our goal is to provide a reliable service with an open line of communication to earn the trust of our clients. In addition to accountability, we pride ourselves on offering a transparent service to keep our clients well\-informed and up to date on the step\-by\-step process we‚Äôll take to help them reach their goals. We‚Äôll work as an extension of your team to ensure success.

 


#### Join Our Team

 


#### At Outamation, we strive to deliver solutions that make our client‚Äôs experience smoother and easier. If you are a solution seeker, looking for great teammates, we encourage you to review our openings today.

 


#### [SSIS Developer](#elementor-action%3Aaction%3Dpopup%3Aopen%26settings%3DeyJpZCI6IjcyNzQiLCJ0b2dnbGUiOmZhbHNlfQ%3D%3D)

Hyderabad, Ahmedabad[Apply](#elementor-action%3Aaction%3Dpopup%3Aopen%26settings%3DeyJpZCI6IjcyNzQiLCJ0b2dnbGUiOmZhbHNlfQ%3D%3D)#### [DBA](#elementor-action%3Aaction%3Dpopup%3Aopen%26settings%3DeyJpZCI6IjcyNzQiLCJ0b2dnbGUiOmZhbHNlfQ%3D%3D)

Hyderabad, Ahmedabad[Apply](#elementor-action%3Aaction%3Dpopup%3Aopen%26settings%3DeyJpZCI6IjcyNzQiLCJ0b2dnbGUiOmZhbHNlfQ%3D%3D)#### [Dot Net Developer](#elementor-action%3Aaction%3Dpopup%3Aopen%26settings%3DeyJpZCI6IjcyNzQiLCJ0b2dnbGUiOmZhbHNlfQ%3D%3D)

Hyderabad, Ahmedabad[Apply](#elementor-action%3Aaction%3Dpopup%3Aopen%26settings%3DeyJpZCI6IjcyNzQiLCJ0b2dnbGUiOmZhbHNlfQ%3D%3D)#### [Technology Leader](#elementor-action%3Aaction%3Dpopup%3Aopen%26settings%3DeyJpZCI6IjcyNzQiLCJ0b2dnbGUiOmZhbHNlfQ%3D%3D)

Dallas, TX[Apply](#elementor-action%3Aaction%3Dpopup%3Aopen%26settings%3DeyJpZCI6IjcyNzQiLCJ0b2dnbGUiOmZhbHNlfQ%3D%3D)#### [Software Developer](#elementor-action%3Aaction%3Dpopup%3Aopen%26settings%3DeyJpZCI6IjcyNzQiLCJ0b2dnbGUiOmZhbHNlfQ%3D%3D)

Dallas, TX, Chennai, Mumbai[Apply](#elementor-action%3Aaction%3Dpopup%3Aopen%26settings%3DeyJpZCI6IjcyNzQiLCJ0b2dnbGUiOmZhbHNlfQ%3D%3D)#### [Business Analyst](#elementor-action%3Aaction%3Dpopup%3Aopen%26settings%3DeyJpZCI6IjcyNzQiLCJ0b2dnbGUiOmZhbHNlfQ%3D%3D)

Dallas, TX, Chennai, Mumbai[Apply](#elementor-action%3Aaction%3Dpopup%3Aopen%26settings%3DeyJpZCI6IjcyNzQiLCJ0b2dnbGUiOmZhbHNlfQ%3D%3D)#### [Project Manager](#elementor-action%3Aaction%3Dpopup%3Aopen%26settings%3DeyJpZCI6IjcyNzQiLCJ0b2dnbGUiOmZhbHNlfQ%3D%3D)

Dallas, TX, Chennai, Mumbai[Apply](#elementor-action%3Aaction%3Dpopup%3Aopen%26settings%3DeyJpZCI6IjcyNzQiLCJ0b2dnbGUiOmZhbHNlfQ%3D%3D)#### [Manager HR \& Administration](#elementor-action%3Aaction%3Dpopup%3Aopen%26settings%3DeyJpZCI6IjcyNzQiLCJ0b2dnbGUiOmZhbHNlfQ%3D%3D)

Dallas, TX[Apply](#elementor-action%3Aaction%3Dpopup%3Aopen%26settings%3DeyJpZCI6IjcyNzQiLCJ0b2dnbGUiOmZhbHNlfQ%3D%3D)#### [Sales Leader](#elementor-action%3Aaction%3Dpopup%3Aopen%26settings%3DeyJpZCI6IjcyNzQiLCJ0b2dnbGUiOmZhbHNlfQ%3D%3D)

Remote[Apply](#elementor-action%3Aaction%3Dpopup%3Aopen%26settings%3DeyJpZCI6IjcyNzQiLCJ0b2dnbGUiOmZhbHNlfQ%3D%3D) 


##### Be sure to check out our FAQ Section. If you have another question or would like to set up a meeting, we would love to hear from you. Send us a message and we‚Äôll get back to you to set up a personalized meeting.

 


 

 
 
#### USA


175 Westwood Drive,  
 Southlake, TX 76092


 

 
 
#### INDIA


118, Fortune Business Hub, NR. Satyamev Elysium, Ahmedabad Gj 380059 


 

 
 
#### [info@outamation.com](mailto:info@outamation.com)


For clients \& partners


 

 
 
#### [817\.767\.9390](tel:8177679390)


 

 
 


 

 


¬© Copyright 2024\. Outamation Inc. All rights reserved.

 


 


[Go to Top](#)",255455,19980,valid,"[""http://www.outamation.com""]",Job list,,"[""SSIS Developer"", ""DBA"", ""Dot Net Developer"", ""Technology Leader"", ""Software Developer"", ""Business Analyst"", ""Project Manager"", ""Manager HR & Administration"", ""Sales Leader""]",True,Sales Leader,I saw you're hiring for a sales leader.,"Hey [firstName],

I saw you're hiring for a sales leader.. Businesss must be going good!

Given your trajectory, I assume your doing everything to increase conversion. That's also the reason we've built UserGems. You can automatically capture buying signals from your prospect & put your pipeline on auto-pilot.

Let me know if that's of interest.

Best,
[Your Name]"
TensorDock,https://www.tensordock.com,Success,Success,"TensorDock ‚Äî Easy \& Affordable Cloud GPUs


1. [July News](https://dashboard.tensordock.com/deploy)
2. TensorDock launches a massive fleet of on\-demand NVIDIA H100 SXMs at just $3/hr, the industry's lowest price. [Try
 now](https://dashboard.tensordock.com/deploy).


[![...]()](./index.html)


* [Products](#) 


[###### GPU Cloud


 The industry's most cost\-effective virtual machine infrastructure for deep learning, AI and rendering.](./cloud-gpus.html)
[###### CPU Cloud


 The latest Intel Xeon and AMD EPYC processors for scientific computing and HPC workloads.](./cloud-cpus.html)
* [Company](#) 


#### Industry\-leading pricing.


 Easy, reliable, secure.
 


[Deploy a GPU server](https://dashboard.tensordock.com/deploy) 


###### Company


[About Us](./about.html) 
[Blog](https://tensorblog.com/) 
[Jobs](./about.html#jobs) 


###### Resources


[General Documentation](https://docs.tensordock.com/) [API Documentation](https://documenter.getpostman.com/view/10732984/UVC3j7Kz) [GPU Machine Learning Benchmarks](./benchmarks.html) 
[Security and Reliability](./security.html)
* [Compare](#) 


#### Industry\-leading pricing.


 Easy, reliable, secure.
 


[Deploy a GPU server](https://dashboard.tensordock.com/deploy) 


###### Hyperscalers


[AWS](./comparison-aws.html) 
[Azure](./comparison-azure.html) 
[Google Cloud](./comparison-gcp.html) 


###### GPU Clouds


[CoreWeave](./comparison-coreweave.html) 
[Lambda Labs](./comparison-lambda.html) 
[Paperspace](./comparison-paperspace.html) 


###### Marketplaces


[RunPod](./comparison-runpod.html) 
[Vast.ai](./comparison-vast.html)
* [Contact](/contact.html)
* [Hosts](/host.html)


[Deploy a Cloud GPU](https://dashboard.tensordock.com/deploy) 


![...]()


Affordable GPU servers for everything AI.
=========================================


Affordable GPU servers for everything AI.
=========================================


**H100s from $2\.80/hr. No quotas, no commitments.**
  
  

 TensorDock brings a global fleet of GPU servers to your fingertips, for 80% less than other clouds.
   
  

 Start with just $5 and **launch a server in 30 seconds**.
 


[Deploy a GPU](https://dashboard.tensordock.com/deploy)
[Chat with Sales](/contact) 
[Join Discord](https://discord.com/invite/jHycxvx4T4) 


 
 


Leading AI startups choose TensorDock
=====================================


![...]()![...]()![...]()![...]()![...]()![...]()![...]()![...]()![...]()![...]()![...]()![...]()![...]()![...]()![...]()![...]()![...]()


On demand, no nonsense
======================


 No quotas, hidden fees, or price gouging. **We mean it.**
  
  

 Focus on building your product, not stressing over the infrastructure behind it.
 [Deploy a GPU](https://dashboard.tensordock.com/deploy)


![...]()


![...]()


Industry's widest GPU selection
===============================


 The perfect GPU for every use case and budget, from RTX 4090 to HGX H100 SXM5 80GB.
 Find your niche among our 45 available GPU models.
   
  

 Take advantage of our consumer GPUs from $0\.12/hr for
   
 **up to 5x inference value**.
 [Switch now](https://dashboard.tensordock.com/deploy)


 
 


KVM Virtualization
==================


 Root access and dedicated GPUs. Get full OS control,
 manage your own drivers and never run into compatibility
 issues again. Plus, Windows 10 support.
   
  

 Multithreaded and optimized end\-to\-end for uncompromising
 VM deployment speed. Docker included on all VM templates.
   
  

[See for yourself](https://dashboard.tensordock.com/deploy)


![...]()


Our most popular GPUs
=====================


 Enterprise\-grade servers hosted in tier 3/4 data centers
 


![...]()


### H100 SXM5


From $2\.80/hr


 For builders needing training and inference with
 no compromises.
 


[Deploy an H100 SXM](https://dashboard.tensordock.com/deploy)


![...]()


### A100 SXM4


From $1\.80/hr


 The best balance between price and performance for
 AI inference.
 


[Deploy an A100 SXM](https://dashboard.tensordock.com/deploy)


![...]()


### RTX 4090


From $0\.35/hr


 Truly unbeatable value for gaming, image processing, and rendering.
 


[Deploy a RTX 4090](https://dashboard.tensordock.com/deploy)


Engineered for excellence, priced for scale
-------------------------------------------


 The hyperscaler experience without the hyperscaler price.
 


Scale globally
==============


 Up to 30,000 GPUs available through our close partners.
 Hundreds ready to deploy now on our dashboard,
 distributed across 100\+ locations in over 20 countries.
   
  

 We're the **last cloud** you'll ever need. Reach
 your customers where they are.
 [Scale now](https://dashboard.tensordock.com/deploy)


![...]()


`>`\|


An API you can depend on
========================


[Well\-documented](https://documenter.getpostman.com/view/20973002/2s8YzMYRDc), well\-maintained, well\-everything.
   
  

 Built from scratch, with metadata, availability, and everything you need
 to manage your servers on TensorDock.
   
  

[Try it out](https://dashboard.tensordock.com/deploy)


 
 


Bulletproof reliability
=======================


 All hosts are vetted by TensorDock for quality
 hardware, technical knowledge, and communication skills,
 before their GPUs are listed.
   
  

 TensorDock holds hosts to a **99\.99% uptime standard** and
 requires maintenance to be scheduled at least two weeks in advance.
 Hosts who don't meet continue to meet our standards are removed
 from our platform.
   
  

[Learn more](https://dashboard.tensordock.com/security)


![...]()


The cloud for AI. And everything else.
======================================


Servers for any niche, **for up to 80%** less than other clouds. All available on demand. 


### GPU Cloud


Flagship


**AI workloads requiring shell access**


 Our globally distributed GPU fleet. 99\.99% uptime standard
 and no ingress/egress fees.
 


[Deploy a GPU](https://dashboard.tensordock.com/deploy) 


### Instant VMs


Beta


**Pre\-configured, deploys in seconds**


 Multithreaded stack optimized end\-to\-end for uncompromising VM deployment speed.
 


[Deploy an Instant VM](https://dashboard.tensordock.com/deploy_preconfig) 


### CPU Cloud


New


**Transcoding and batch processing**


 The latest Xeon and EPYC CPUs,
 available from $0\.012/hr in secure, multihomed data centers.
 


[Deploy a CPU](https://dashboard.tensordock.com/deploy_cpu) 


Frequently Asked Questions
==========================


?


#### My enterprise needs...


 Let's chat! If you don't see what you need, we can work it out.
 We'll get back to you within 24 hours.
 


[Book a meeting](https://calendly.com/tensordock/15min?embed_domain=console.tensordock.com&embed_type=PopupText&primary_color=2fa858) 
[Message us](/contact.html) 


?


#### How do you guarantee the security of customer data?


 Most hardware on our platform is now hosted in certified data centers.
 But as an additional layer of security, we revoke SSH access from
 our hosts so they cannot access customer data without our knowledge.
   
  

 TensorDock background check all employees and restricts hostnode
 access to only those who need it. We have an agent monitoring
 hostnodes for logins and suspicious activity, from any source.
 [Learn more.](/security.html)


?


#### How does billing work?


 We operate on a pay as you go model. Users deposit funds,
 and we deduct balance continuously after a server is
 deployed. When your balance reaches $0, your servers are
 automatically deleted. If you need to rent servers long\-term,
 [reach out](/contact.html) to discuss our reserved
 pricing.
 


?


#### Why does the same GPU/CPU have multiple prices?


 We're a marketplace of independent hosts who compete and set
 their own pricing. As the customer, this ensures you
 always have access to the market's best pricing.   
  

 
 Additionally, hosts have different locations and redundancy, 
 leading to varying costs. Our marketplace offers you options to
 pay based on your preferences.
 


 
 


 


 


The world's most ag\| build on TensorDock.
------------------------------------------


[![...]()](#!)[![...]()](#!)[![...]()](#!)[![...]()](#!)


> ![]()
> 
> 
> 
> 
> [airgpu](https://airgpu.com/) relies on
>  TensorDock's API to deploy
>  Windows virtual machines for cloud gamers.
>  TensorDock's abundant GPU stock allows
>  airgpu to scale during weekend peaks without
>  worrying about compute availability.
>  
> 
> 
> 
> airgpu is a popular,
>  renowned cloud gaming service known by
>  gamers
>  worldwide


> ![]()
> 
> 
> 
> 
> [ELBO](https://elbo.ai/) uses TensorDock's
>  reliable and secure
>  GPU cloud to generate art.
>  TensorDock's highly cost\-effective servers run
>  their workloads faster for less than
>  the big clouds.
>  
> 
> 
> 
> ELBO.ai creates managed AI
>  services like art generators and logging
>  and
>  has
>  been featured in [*The
>  Spectator*](https://www.spectator.co.uk/article/can-you-tell-which-of-these-artworks-was-created-by-a-computer).


> ![]()
> 
> 
> 
> 
>  Professor Skyler Liang from [Florida State
>  University](https://www.fsu.edu) researches GAN networks
>  with TensorDock GPUs.
>  TensorDock's superior economics allow
>  researchers to do more with their limited
>  university budgets.
>  
> 
> 
> 
> Florida State University
>  researchers receive reimbursements from
>  using TensorDock servers.


> ![]()
> 
> 
> 
> 
> [Creavite](https://creavite.co) combines
>  TensorDock's Windows VMs with Adobe software to
>  render logo animations. TensorDock's CPU\-only
>  instances allow Creavite to fully integrate
>  their workflows and stay on one cloud.
>  
> 
> 
> 
> Creavite is a logo
>  animation rendering service that has
>  produced over six
>  million renders.


 


![...]()


We're democratizing
 access to high\-end cloud infrastructure.
--------------------------------------------------------------


 We connect customers to the best available compute.
 Cutting\-edge hardware in Tier 3/4 Data Centers, for
 maximum security and reliability. Converted mining rigs,
 for maximum price\-to\-performance. We've got both, for whatever
 suits your needs best.
 


 Our marketplace approach guarantees the best deal
 in the industry. Get the availability and location 
 distribution of a hyperscaler, without the quotas or nonsense.
 


### 100\+ Locations


 Available
 


### 0\+ GPUs


 In stock
 


### 0\+ GPUs


 Through partners
 


 
[Get Started](https://dashboard.tensordock.com/deploy)
 


![...]()![...]()[![...]()](https://dstack.ai/)![...]()![...]()![...]()![...]()[![...]()](https://livepeer.ftkuhnsman.com/)![...]()![...]()![...]()![...]()![...]()![...]()![...]()![...]()![...]()


[![...]()](/)


 The GPU cloud built for AI workloads that
 demand uncompromising pe\|


[![]()](https://discord.gg/Xyzjjuj6zf)
  


[![...]()](https://www.nvidia.com/en-us/)


###### Cloud GPUs


* [HGX H100](gpu-h100.html)
* [A100](gpu-a100.html)
* [RTX 4090](gpu-4090.html)
* [Benchmarks](benchmarks.html)


###### Dashboard


* [Deploy a GPU](https://dashboard.tensordock.com/deploy)
* [Deploy a CPU](https://dashboard.tensordock.com/deploy_cpu)
* [Login](https://dashboard.tensordock.com/login)
* [Register](https://dashboard.tensordock.com/register)
* [Reset
 Password](https://dashboard.tensordock.com/reset_password)
* [Manage Servers](https://dashboard.tensordock.com/list)
* [Account
 Billing](https://dashboard.tensordock.com/transactions/1)


###### Company


* [Contact Us](/contact.html)
* [About Us](/about.html)
* [About our GPUs](/cloud-gpus.html)
* [About our CPUs](/cloud-cpus.html)
* [Security \& Reliability](/security)
* [Blog](https://www.tensorblog.com/)
* [Documentation](https://docs.tensordock.com/)",99210,11716,valid,"[""https://www.tensordock.com"", ""./about.html#jobs""]",Job list,,"[""Full Stack Engineer"", ""Customer Support"", ""Account Executive""]",True,Account Executive,I saw you're hiring for an account executive.,"Hey [firstName],

I saw you're hiring for an account executive.. Businesss must be going good!

Given your trajectory, I assume your doing everything to increase conversion. That's also the reason we've built UserGems. You can automatically capture buying signals from your prospect & put your pipeline on auto-pilot.

Let me know if that's of interest.

Best,
[Your Name]"
